{"loss": 0.004788156089966819, "acc": 0.9974858579509742}