{"loss": 0.032254233817302615, "acc": 0.9918290383406663}