{"loss": 0.0008721479879026593, "acc": 0.9975550122249388}