{"loss": 0.025948177198985657, "acc": 0.989943431803897}