{"loss": 0.000623042453256678, "acc": 0.9975550122249388}