{"loss": 0.09373259365849552, "acc": 0.9679446888749215}