{"loss": 0.02203483567946669, "acc": 0.994343180389692}