{"loss": 0.0017464091419435467, "acc": 0.9951100244498777}