{"loss": 0.18430746247901772, "acc": 0.9340037712130735}