{"loss": 0.023168744945760156, "acc": 0.9937146448774355}