{"loss": 0.05264532720834886, "acc": 0.983029541169076}