{"loss": 0.0007955117656454083, "acc": 0.9979042961928047}