{"loss": 0.000605186302238599, "acc": 0.9979042961928047}