{"loss": 0.0010563284241030101, "acc": 0.996856444289207}