{"loss": 0.001356351146714542, "acc": 0.9965071603213412}