{"loss": 0.0007606040784335952, "acc": 0.9982535801606706}