{"loss": 0.06340973850604238, "acc": 0.9761156505342552}