{"loss": 0.01244463752606995, "acc": 0.9956002514142049}